model,set,protocol,n,ci_low,ci_high,params_m,finetuned,ndcg@10,recall@5,recall@10,mrr@10,ndcg@10_seen,recall@10_seen,ndcg@10_unseen_articles,recall@10_unseen_articles,ndcg@10_unseen_codes,recall@10_unseen_codes
BM25,test,chunk,728,0.6403,0.7000,0.0000,False,0.6703,0.7363,0.7761,0.6359,0.6788,0.7747,0.6398,0.7385,0.6894,0.8157
BM25,test,article,728,0.6435,0.7025,0.0000,False,0.6735,0.7431,0.7788,0.6391,0.6865,0.7782,0.6512,0.7523,0.6783,0.8065
BM25,test,chunk_tkfmt,728,0.6420,0.7014,0.0000,False,0.6721,0.7418,0.7775,0.6378,0.6737,0.7747,0.6443,0.7385,0.6977,0.8203
BM25,golden,chunk,174,0.6521,0.7679,0.0000,False,0.7116,0.7663,0.7854,0.7018,0.7598,0.8046,0.6615,0.7586,0.7135,0.7931
BM25,golden,article,174,0.6536,0.7683,0.0000,False,0.7119,0.7720,0.7807,0.7118,0.7575,0.8046,0.6683,0.7270,0.7098,0.8103
BM25,golden,chunk_tkfmt,174,0.6389,0.7563,0.0000,False,0.6996,0.7711,0.7845,0.6862,0.7373,0.8103,0.6647,0.7586,0.6968,0.7845
BM25,external,chunk,25,0.6849,0.9252,0.0000,False,0.8129,0.9200,0.9200,0.7767,,,,,,
BM25,external,article,25,0.7105,0.9409,0.0000,False,0.8357,0.9200,0.9200,0.8067,,,,,,
BM25,external,chunk_tkfmt,25,0.7252,0.9557,0.0000,False,0.8505,0.9200,0.9200,0.8267,,,,,,
BM25,dev,chunk,296,0.6080,0.7030,0.0000,False,0.6563,0.7095,0.7635,0.6221,0.6488,0.7523,0.6789,0.7973,,
BM25,dev,article,296,0.6164,0.7120,0.0000,False,0.6648,0.7230,0.7635,0.6329,0.6653,0.7658,0.6631,0.7568,,
BM25,dev,chunk_tkfmt,296,0.5972,0.6914,0.0000,False,0.6451,0.6959,0.7669,0.6066,0.6406,0.7613,0.6583,0.7838,,
BM25,tk_hard,chunk,716,0.4482,0.5116,0.0000,False,0.4802,0.5517,0.6145,0.4375,0.4752,0.6102,0.5243,0.6528,,
BM25,tk_hard,article,716,0.4600,0.5223,0.0000,False,0.4914,0.5587,0.6271,0.4486,0.4844,0.6196,0.5544,0.6944,,
BM25,tk_hard,chunk_tkfmt,716,0.4455,0.5094,0.0000,False,0.4774,0.5517,0.6075,0.4359,0.4718,0.6040,0.5272,0.6389,,
e5-small,test,chunk,728,0.7778,0.8258,117.7000,False,0.8020,0.8613,0.9052,0.7686,0.7851,0.8942,0.7894,0.8899,0.8374,0.9355
e5-small,test,article,728,0.7312,0.7823,117.7000,False,0.7572,0.8269,0.8764,0.7189,0.7474,0.8703,0.7419,0.8670,0.7856,0.8940
e5-small,test,chunk_tkfmt,728,0.7869,0.8325,117.7000,False,0.8104,0.8777,0.9190,0.7751,0.7899,0.9044,0.8021,0.9128,0.8463,0.9447
e5-small,golden,chunk,174,0.7851,0.8738,117.7000,False,0.8306,0.8707,0.9157,0.8199,0.8122,0.9109,0.7839,0.8707,0.8956,0.9655
e5-small,golden,article,174,0.7417,0.8312,117.7000,False,0.7877,0.8659,0.9157,0.7684,0.7522,0.9167,0.7495,0.8477,0.8614,0.9828
e5-small,golden,chunk_tkfmt,174,0.8035,0.8866,117.7000,False,0.8459,0.8851,0.9444,0.8294,0.8344,0.9454,0.7962,0.8879,0.9072,1.0000
e5-small,external,chunk,25,0.9557,1.0000,117.7000,False,0.9852,1.0000,1.0000,0.9800,,,,,,
e5-small,external,article,25,0.8819,0.9852,117.7000,False,0.9409,1.0000,1.0000,0.9200,,,,,,
e5-small,external,chunk_tkfmt,25,0.9557,1.0000,117.7000,False,0.9852,1.0000,1.0000,0.9800,,,,,,
e5-small,dev,chunk,296,0.7760,0.8522,117.7000,False,0.8149,0.8750,0.9020,0.7866,0.8254,0.9009,0.7832,0.9054,,
e5-small,dev,article,296,0.7346,0.8140,117.7000,False,0.7749,0.8345,0.8885,0.7385,0.7891,0.8919,0.7325,0.8784,,
e5-small,dev,chunk_tkfmt,296,0.7877,0.8609,117.7000,False,0.8251,0.8784,0.9088,0.7981,0.8356,0.9099,0.7936,0.9054,,
e5-small,tk_hard,chunk,716,0.6834,0.7367,117.7000,False,0.7104,0.8045,0.8645,0.6611,0.7020,0.8571,0.7862,0.9306,,
e5-small,tk_hard,article,716,0.6690,0.7251,117.7000,False,0.6979,0.7765,0.8338,0.6546,0.6921,0.8276,0.7504,0.8889,,
e5-small,tk_hard,chunk_tkfmt,716,0.6905,0.7428,117.7000,False,0.7169,0.8059,0.8659,0.6686,0.7087,0.8618,0.7895,0.9028,,
e5-base,test,chunk,728,0.7998,0.8427,278.0000,False,0.8218,0.9107,0.9341,0.7848,0.8105,0.9283,0.7992,0.9174,0.8598,0.9585
e5-base,test,article,728,0.7513,0.7999,278.0000,False,0.7763,0.8626,0.8984,0.7365,0.7584,0.8840,0.7634,0.8899,0.8134,0.9263
e5-base,test,chunk_tkfmt,728,0.8057,0.8476,278.0000,False,0.8269,0.9190,0.9382,0.7898,0.8148,0.9215,0.8073,0.9358,0.8630,0.9631
e5-base,golden,chunk,174,0.8328,0.9083,278.0000,False,0.8719,0.9157,0.9511,0.8529,0.8879,0.9828,0.8361,0.8966,0.8916,0.9741
e5-base,golden,article,174,0.7762,0.8630,278.0000,False,0.8203,0.8688,0.9205,0.8073,0.8140,0.9195,0.7783,0.8851,0.8687,0.9569
e5-base,golden,chunk_tkfmt,174,0.8263,0.8997,278.0000,False,0.8642,0.9215,0.9598,0.8427,0.8794,0.9655,0.8204,0.9310,0.8929,0.9828
e5-base,external,chunk,25,0.8714,0.9852,278.0000,False,0.9357,1.0000,1.0000,0.9133,,,,,,
e5-base,external,article,25,0.7136,0.9114,278.0000,False,0.8174,0.9600,0.9600,0.7680,,,,,,
e5-base,external,chunk_tkfmt,25,0.8819,0.9852,278.0000,False,0.9409,1.0000,1.0000,0.9200,,,,,,
e5-base,dev,chunk,296,0.7904,0.8615,278.0000,False,0.8266,0.8953,0.9155,0.7973,0.8264,0.9099,0.8271,0.9324,,
e5-base,dev,article,296,0.7291,0.8076,278.0000,False,0.7688,0.8480,0.8919,0.7295,0.7711,0.8919,0.7622,0.8919,,
e5-base,dev,chunk_tkfmt,296,0.7942,0.8639,278.0000,False,0.8301,0.8986,0.9257,0.7986,0.8259,0.9189,0.8425,0.9459,,
e5-base,tk_hard,chunk,716,0.7354,0.7846,278.0000,False,0.7604,0.8464,0.8994,0.7158,0.7585,0.9006,0.7779,0.8889,,
e5-base,tk_hard,article,716,0.6781,0.7299,278.0000,False,0.7045,0.8031,0.8673,0.6522,0.7020,0.8649,0.7265,0.8889,,
e5-base,tk_hard,chunk_tkfmt,716,0.7464,0.7951,278.0000,False,0.7711,0.8534,0.9008,0.7293,0.7673,0.9006,0.8055,0.9028,,
e5-large,test,chunk,728,0.8392,0.8771,559.9000,False,0.8587,0.9272,0.9588,0.8259,0.8668,0.9556,0.8453,0.9541,0.8612,0.9677
e5-large,test,article,728,0.8060,0.8485,559.9000,False,0.8277,0.9066,0.9368,0.7919,0.8425,0.9352,0.8041,0.9312,0.8315,0.9447
e5-large,test,chunk_tkfmt,728,0.8439,0.8821,559.9000,False,0.8637,0.9382,0.9533,0.8339,0.8608,0.9522,0.8549,0.9450,0.8765,0.9631
e5-large,golden,chunk,174,0.8730,0.9388,559.9000,False,0.9068,0.9377,0.9655,0.8999,0.9491,0.9828,0.8516,0.9224,0.9198,0.9914
e5-large,golden,article,174,0.8116,0.8873,559.9000,False,0.8503,0.9061,0.9397,0.8453,0.8705,0.9511,0.7995,0.8937,0.8809,0.9741
e5-large,golden,chunk_tkfmt,174,0.8774,0.9403,559.9000,False,0.9105,0.9502,0.9684,0.9023,0.9305,0.9828,0.8570,0.9224,0.9441,1.0000
e5-large,external,chunk,25,0.8967,1.0000,559.9000,False,0.9557,1.0000,1.0000,0.9400,,,,,,
e5-large,external,article,25,0.8557,0.9800,559.9000,False,0.9209,1.0000,1.0000,0.8933,,,,,,
e5-large,external,chunk_tkfmt,25,0.9557,1.0000,559.9000,False,0.9852,1.0000,1.0000,0.9800,,,,,,
e5-large,dev,chunk,296,0.8356,0.9002,559.9000,False,0.8688,0.9189,0.9392,0.8457,0.8686,0.9324,0.8694,0.9595,,
e5-large,dev,article,296,0.8099,0.8793,559.9000,False,0.8453,0.8953,0.9257,0.8191,0.8493,0.9189,0.8331,0.9459,,
e5-large,dev,chunk_tkfmt,296,0.8251,0.8904,559.9000,False,0.8587,0.9088,0.9392,0.8327,0.8566,0.9369,0.8648,0.9459,,
e5-large,tk_hard,chunk,716,0.7973,0.8424,559.9000,False,0.8202,0.8966,0.9302,0.7847,0.8213,0.9270,0.8103,0.9583,,
e5-large,tk_hard,article,716,0.7892,0.8347,559.9000,False,0.8121,0.8953,0.9288,0.7740,0.8154,0.9255,0.7823,0.9583,,
e5-large,tk_hard,chunk_tkfmt,716,0.8150,0.8578,559.9000,False,0.8367,0.8953,0.9413,0.8028,0.8383,0.9379,0.8230,0.9722,,
e5-large-instruct,test,chunk,728,0.8461,0.8827,559.9000,False,0.8647,0.9368,0.9684,0.8307,0.8660,0.9693,0.8602,0.9633,0.8675,0.9724
e5-large-instruct,test,article,728,0.8160,0.8579,559.9000,False,0.8372,0.9066,0.9409,0.8033,0.8527,0.9420,0.8183,0.9358,0.8355,0.9447
e5-large-instruct,test,chunk_tkfmt,728,0.8554,0.8918,559.9000,False,0.8742,0.9396,0.9629,0.8448,0.8741,0.9625,0.8685,0.9633,0.8800,0.9631
e5-large-instruct,golden,chunk,174,0.8692,0.9358,559.9000,False,0.9036,0.9262,0.9665,0.8972,0.9029,0.9770,0.8592,0.9224,0.9487,1.0000
e5-large-instruct,golden,article,174,0.8244,0.8959,559.9000,False,0.8615,0.9080,0.9502,0.8540,0.9001,0.9598,0.8012,0.8994,0.8833,0.9914
e5-large-instruct,golden,chunk_tkfmt,174,0.8807,0.9437,559.9000,False,0.9131,0.9435,0.9636,0.9099,0.9251,0.9684,0.8610,0.9224,0.9533,1.0000
e5-large-instruct,external,chunk,25,0.8819,0.9852,559.9000,False,0.9409,1.0000,1.0000,0.9200,,,,,,
e5-large-instruct,external,article,25,0.8009,0.9595,559.9000,False,0.8885,0.9200,1.0000,0.8524,,,,,,
e5-large-instruct,external,chunk_tkfmt,25,0.9262,1.0000,559.9000,False,0.9705,1.0000,1.0000,0.9600,,,,,,
e5-large-instruct,dev,chunk,296,0.8396,0.9024,559.9000,False,0.8716,0.9189,0.9426,0.8480,0.8743,0.9369,0.8635,0.9595,,
e5-large-instruct,dev,article,296,0.8104,0.8771,559.9000,False,0.8441,0.9020,0.9358,0.8144,0.8436,0.9279,0.8458,0.9595,,
e5-large-instruct,dev,chunk_tkfmt,296,0.8460,0.9081,559.9000,False,0.8779,0.9257,0.9426,0.8566,0.8811,0.9414,0.8682,0.9459,,
e5-large-instruct,tk_hard,chunk,716,0.8379,0.8775,559.9000,False,0.8580,0.9302,0.9497,0.8274,0.8574,0.9488,0.8629,0.9583,,
e5-large-instruct,tk_hard,article,716,0.8203,0.8619,559.9000,False,0.8414,0.9148,0.9469,0.8072,0.8438,0.9488,0.8204,0.9306,,
e5-large-instruct,tk_hard,chunk_tkfmt,716,0.8341,0.8743,559.9000,False,0.8545,0.9260,0.9539,0.8220,0.8535,0.9534,0.8627,0.9583,,
bge-m3,test,chunk,728,0.8364,0.8749,567.8000,False,0.8560,0.9272,0.9574,0.8223,0.8528,0.9488,0.8447,0.9633,0.8716,0.9631
bge-m3,test,article,728,0.8261,0.8672,567.8000,False,0.8470,0.9148,0.9451,0.8149,0.8517,0.9386,0.8393,0.9495,0.8485,0.9493
bge-m3,test,chunk_tkfmt,728,0.8399,0.8788,567.8000,False,0.8600,0.9313,0.9560,0.8284,0.8569,0.9386,0.8389,0.9633,0.8855,0.9724
bge-m3,golden,chunk,174,0.8656,0.9293,567.8000,False,0.8987,0.9492,0.9713,0.8891,0.9056,0.9828,0.8486,0.9310,0.9420,1.0000
bge-m3,golden,article,174,0.8513,0.9186,567.8000,False,0.8864,0.9262,0.9646,0.8766,0.8906,0.9598,0.8446,0.9425,0.9241,0.9914
bge-m3,golden,chunk_tkfmt,174,0.8651,0.9288,567.8000,False,0.8982,0.9387,0.9713,0.8896,0.9153,0.9828,0.8295,0.9310,0.9499,1.0000
bge-m3,external,chunk,25,0.9114,1.0000,567.8000,False,0.9557,1.0000,1.0000,0.9400,,,,,,
bge-m3,external,article,25,0.8914,1.0000,567.8000,False,0.9505,1.0000,1.0000,0.9333,,,,,,
bge-m3,external,chunk_tkfmt,25,0.9114,1.0000,567.8000,False,0.9557,1.0000,1.0000,0.9400,,,,,,
bge-m3,dev,chunk,296,0.8210,0.8870,567.8000,False,0.8551,0.9189,0.9324,0.8296,0.8529,0.9234,0.8619,0.9595,,
bge-m3,dev,article,296,0.8207,0.8867,567.8000,False,0.8546,0.9122,0.9392,0.8272,0.8550,0.9369,0.8536,0.9459,,
bge-m3,dev,chunk_tkfmt,296,0.8277,0.8935,567.8000,False,0.8618,0.9155,0.9324,0.8385,0.8587,0.9279,0.8709,0.9459,,
bge-m3,tk_hard,chunk,716,0.8186,0.8588,567.8000,False,0.8388,0.9218,0.9525,0.8016,0.8431,0.9534,0.8006,0.9444,,
bge-m3,tk_hard,article,716,0.8077,0.8497,567.8000,False,0.8289,0.9162,0.9455,0.7906,0.8340,0.9472,0.7832,0.9306,,
bge-m3,tk_hard,chunk_tkfmt,716,0.8112,0.8525,567.8000,False,0.8321,0.9134,0.9483,0.7942,0.8337,0.9472,0.8173,0.9583,,
USER-base,test,chunk,728,0.6563,0.7104,124.0000,False,0.6837,0.7885,0.8448,0.6318,0.6737,0.8396,0.6713,0.8257,0.7096,0.8710
USER-base,test,article,728,0.6607,0.7141,124.0000,False,0.6877,0.7912,0.8489,0.6356,0.6632,0.8225,0.6996,0.8716,0.7088,0.8618
USER-base,test,chunk_tkfmt,728,0.6441,0.6981,124.0000,False,0.6709,0.7720,0.8420,0.6160,0.6551,0.8191,0.6590,0.8440,0.7044,0.8710
USER-base,golden,chunk,174,0.6726,0.7728,124.0000,False,0.7245,0.8180,0.8784,0.6877,0.7356,0.8879,0.6614,0.8247,0.7766,0.9224
USER-base,golden,article,174,0.6976,0.7893,124.0000,False,0.7448,0.8429,0.9186,0.7051,0.7453,0.9425,0.7046,0.8736,0.7844,0.9397
USER-base,golden,chunk_tkfmt,174,0.6567,0.7581,124.0000,False,0.7087,0.8027,0.8745,0.6695,0.7167,0.8793,0.6554,0.8391,0.7538,0.9052
USER-base,external,chunk,25,0.5862,0.8409,124.0000,False,0.7206,0.8400,0.9200,0.6567,,,,,,
USER-base,external,article,25,0.6199,0.8730,124.0000,False,0.7520,0.8000,0.9200,0.6978,,,,,,
USER-base,external,chunk_tkfmt,25,0.5354,0.8045,124.0000,False,0.6745,0.8000,0.8800,0.6070,,,,,,
USER-base,dev,chunk,296,0.6318,0.7185,124.0000,False,0.6759,0.7770,0.8345,0.6251,0.6879,0.8468,0.6399,0.7973,,
USER-base,dev,article,296,0.6413,0.7290,124.0000,False,0.6854,0.7838,0.8311,0.6382,0.6958,0.8468,0.6539,0.7838,,
USER-base,dev,chunk_tkfmt,296,0.6398,0.7273,124.0000,False,0.6839,0.7905,0.8277,0.6372,0.6930,0.8423,0.6565,0.7838,,
USER-base,tk_hard,chunk,716,0.5939,0.6493,124.0000,False,0.6221,0.7165,0.8128,0.5616,0.6273,0.8168,0.5749,0.7778,,
USER-base,tk_hard,article,716,0.6121,0.6669,124.0000,False,0.6397,0.7528,0.8380,0.5763,0.6441,0.8385,0.6000,0.8333,,
USER-base,tk_hard,chunk_tkfmt,716,0.5962,0.6521,124.0000,False,0.6246,0.7151,0.8184,0.5633,0.6287,0.8214,0.5877,0.7917,,
USER-bge-m3,test,chunk,728,0.8251,0.8655,359.0000,False,0.8457,0.9148,0.9519,0.8111,0.8512,0.9488,0.8312,0.9450,0.8529,0.9631
USER-bge-m3,test,article,728,0.8160,0.8576,359.0000,False,0.8372,0.9148,0.9409,0.8032,0.8456,0.9420,0.8278,0.9312,0.8354,0.9493
USER-bge-m3,test,chunk_tkfmt,728,0.8269,0.8681,359.0000,False,0.8481,0.9162,0.9464,0.8160,0.8580,0.9420,0.8182,0.9404,0.8649,0.9585
USER-bge-m3,golden,chunk,174,0.8600,0.9280,359.0000,False,0.8951,0.9282,0.9636,0.8857,0.9023,0.9598,0.8496,0.9310,0.9334,1.0000
USER-bge-m3,golden,article,174,0.8503,0.9182,359.0000,False,0.8853,0.9349,0.9626,0.8766,0.8879,0.9626,0.8395,0.9339,0.9285,0.9914
USER-bge-m3,golden,chunk_tkfmt,174,0.8624,0.9279,359.0000,False,0.8966,0.9473,0.9713,0.8848,0.9165,0.9914,0.8359,0.9224,0.9374,1.0000
USER-bge-m3,external,chunk,25,0.8819,0.9852,359.0000,False,0.9409,1.0000,1.0000,0.9200,,,,,,
USER-bge-m3,external,article,25,0.8819,0.9852,359.0000,False,0.9409,1.0000,1.0000,0.9200,,,,,,
USER-bge-m3,external,chunk_tkfmt,25,0.9262,1.0000,359.0000,False,0.9705,1.0000,1.0000,0.9600,,,,,,
USER-bge-m3,dev,chunk,296,0.8079,0.8753,359.0000,False,0.8428,0.9054,0.9324,0.8134,0.8432,0.9324,0.8417,0.9324,,
USER-bge-m3,dev,article,296,0.8117,0.8772,359.0000,False,0.8448,0.9155,0.9459,0.8117,0.8484,0.9369,0.8340,0.9730,,
USER-bge-m3,dev,chunk_tkfmt,296,0.8157,0.8819,359.0000,False,0.8495,0.9122,0.9291,0.8231,0.8518,0.9279,0.8426,0.9324,,
USER-bge-m3,tk_hard,chunk,716,0.8188,0.8598,359.0000,False,0.8396,0.9078,0.9525,0.8031,0.8410,0.9519,0.8273,0.9583,,
USER-bge-m3,tk_hard,article,716,0.8091,0.8507,359.0000,False,0.8297,0.8994,0.9469,0.7917,0.8307,0.9457,0.8212,0.9583,,
USER-bge-m3,tk_hard,chunk_tkfmt,716,0.8019,0.8445,359.0000,False,0.8233,0.9008,0.9385,0.7856,0.8243,0.9394,0.8144,0.9306,,
USER2-base,test,chunk,728,0.8038,0.8460,149.0000,False,0.8253,0.9080,0.9451,0.7862,0.8247,0.9454,0.8147,0.9312,0.8368,0.9585
USER2-base,test,article,728,0.7934,0.8380,149.0000,False,0.8163,0.8997,0.9245,0.7809,0.8164,0.9181,0.8099,0.9266,0.8227,0.9309
USER2-base,test,chunk_tkfmt,728,0.8043,0.8471,149.0000,False,0.8263,0.8997,0.9382,0.7897,0.8254,0.9283,0.8079,0.9312,0.8458,0.9585
USER2-base,golden,chunk,174,0.8294,0.9046,149.0000,False,0.8686,0.9205,0.9464,0.8620,0.8743,0.9511,0.7936,0.8879,0.9378,1.0000
USER2-base,golden,article,174,0.8201,0.8959,149.0000,False,0.8593,0.9262,0.9483,0.8462,0.8905,0.9540,0.7806,0.8994,0.9067,0.9914
USER2-base,golden,chunk_tkfmt,174,0.8328,0.9095,149.0000,False,0.8722,0.9080,0.9406,0.8636,0.8982,0.9598,0.7891,0.8621,0.9293,1.0000
USER2-base,external,chunk,25,0.8111,0.9652,149.0000,False,0.8929,1.0000,1.0000,0.8567,,,,,,
USER2-base,external,article,25,0.8567,0.9800,149.0000,False,0.9209,1.0000,1.0000,0.8933,,,,,,
USER2-base,external,chunk_tkfmt,25,0.8203,0.9705,149.0000,False,0.8982,1.0000,1.0000,0.8633,,,,,,
USER2-base,dev,chunk,296,0.8167,0.8840,149.0000,False,0.8515,0.8986,0.9358,0.8245,0.8572,0.9279,0.8344,0.9595,,
USER2-base,dev,article,296,0.7916,0.8610,149.0000,False,0.8270,0.8953,0.9358,0.7920,0.8363,0.9279,0.7993,0.9595,,
USER2-base,dev,chunk_tkfmt,296,0.8031,0.8715,149.0000,False,0.8386,0.9189,0.9324,0.8079,0.8456,0.9279,0.8177,0.9459,,
USER2-base,tk_hard,chunk,716,0.7681,0.8148,149.0000,False,0.7917,0.8701,0.9218,0.7497,0.7904,0.9224,0.8029,0.9167,,
USER2-base,tk_hard,article,716,0.7524,0.8003,149.0000,False,0.7766,0.8506,0.9190,0.7311,0.7801,0.9239,0.7449,0.8750,,
USER2-base,tk_hard,chunk_tkfmt,716,0.7528,0.8003,149.0000,False,0.7768,0.8645,0.9204,0.7309,0.7747,0.9208,0.7955,0.9167,,
FRIDA,test,chunk,728,0.8594,0.8958,823.4000,False,0.8783,0.9368,0.9643,0.8502,0.8735,0.9625,0.8733,0.9587,0.8898,0.9724
FRIDA,test,article,728,0.8397,0.8801,823.4000,False,0.8605,0.9217,0.9519,0.8307,0.8687,0.9488,0.8529,0.9450,0.8571,0.9631
FRIDA,test,chunk_tkfmt,728,0.8554,0.8926,823.4000,False,0.8747,0.9368,0.9602,0.8467,0.8698,0.9590,0.8687,0.9633,0.8875,0.9585
FRIDA,golden,chunk,174,0.8856,0.9447,823.4000,False,0.9165,0.9636,0.9751,0.9131,0.9306,0.9770,0.8590,0.9483,0.9598,1.0000
FRIDA,golden,article,174,0.8664,0.9290,823.4000,False,0.8991,0.9483,0.9703,0.8995,0.9182,0.9770,0.8562,0.9425,0.9229,0.9914
FRIDA,golden,chunk_tkfmt,174,0.9074,0.9604,823.4000,False,0.9356,0.9636,0.9751,0.9400,0.9451,0.9770,0.8870,0.9483,0.9748,1.0000
FRIDA,external,chunk,25,0.9262,1.0000,823.4000,False,0.9705,1.0000,1.0000,0.9600,,,,,,
FRIDA,external,article,25,0.9262,1.0000,823.4000,False,0.9705,1.0000,1.0000,0.9600,,,,,,
FRIDA,external,chunk_tkfmt,25,0.9262,1.0000,823.4000,False,0.9705,1.0000,1.0000,0.9600,,,,,,
FRIDA,dev,chunk,296,0.8428,0.9042,823.4000,False,0.8746,0.9358,0.9527,0.8490,0.8915,0.9595,0.8239,0.9324,,
FRIDA,dev,article,296,0.8409,0.9010,823.4000,False,0.8714,0.9392,0.9561,0.8435,0.8807,0.9550,0.8436,0.9595,,
FRIDA,dev,chunk_tkfmt,296,0.8417,0.9030,823.4000,False,0.8734,0.9324,0.9527,0.8473,0.8901,0.9595,0.8233,0.9324,,
FRIDA,tk_hard,chunk,716,0.8340,0.8737,823.4000,False,0.8542,0.9218,0.9595,0.8200,0.8539,0.9596,0.8566,0.9583,,
FRIDA,tk_hard,article,716,0.8157,0.8569,823.4000,False,0.8363,0.9260,0.9525,0.7982,0.8364,0.9519,0.8353,0.9583,,
FRIDA,tk_hard,chunk_tkfmt,716,0.8285,0.8685,823.4000,False,0.8489,0.9204,0.9539,0.8145,0.8467,0.9519,0.8688,0.9722,,
ru-en-RoSBERTa,test,chunk,728,0.8190,0.8592,404.8000,False,0.8396,0.9203,0.9560,0.8014,0.8438,0.9522,0.8366,0.9495,0.8368,0.9677
ru-en-RoSBERTa,test,article,728,0.7904,0.8346,404.8000,False,0.8130,0.8970,0.9341,0.7736,0.8151,0.9420,0.8129,0.9312,0.8103,0.9263
ru-en-RoSBERTa,test,chunk_tkfmt,728,0.8065,0.8490,404.8000,False,0.8282,0.9080,0.9437,0.7905,0.8177,0.9352,0.8364,0.9450,0.8341,0.9539
ru-en-RoSBERTa,golden,chunk,174,0.8487,0.9139,404.8000,False,0.8820,0.9406,0.9837,0.8571,0.8934,0.9770,0.8266,0.9741,0.9260,1.0000
ru-en-RoSBERTa,golden,article,174,0.8086,0.8850,404.8000,False,0.8481,0.9195,0.9511,0.8286,0.8586,0.9540,0.7924,0.9425,0.8934,0.9569
ru-en-RoSBERTa,golden,chunk_tkfmt,174,0.8299,0.9016,404.8000,False,0.8664,0.9042,0.9665,0.8490,0.8782,0.9511,0.8089,0.9483,0.9121,1.0000
ru-en-RoSBERTa,external,chunk,25,0.8462,0.9800,404.8000,False,0.9157,1.0000,1.0000,0.8867,,,,,,
ru-en-RoSBERTa,external,article,25,0.7871,0.9705,404.8000,False,0.8862,0.9600,0.9600,0.8600,,,,,,
ru-en-RoSBERTa,external,chunk_tkfmt,25,0.8126,0.9652,404.8000,False,0.8929,1.0000,1.0000,0.8567,,,,,,
ru-en-RoSBERTa,dev,chunk,296,0.8210,0.8861,404.8000,False,0.8540,0.9122,0.9426,0.8254,0.8597,0.9414,0.8372,0.9459,,
ru-en-RoSBERTa,dev,article,296,0.8033,0.8715,404.8000,False,0.8379,0.9020,0.9324,0.8076,0.8463,0.9369,0.8126,0.9189,,
ru-en-RoSBERTa,dev,chunk_tkfmt,296,0.8067,0.8752,404.8000,False,0.8418,0.8953,0.9358,0.8118,0.8460,0.9369,0.8295,0.9324,,
ru-en-RoSBERTa,tk_hard,chunk,716,0.7998,0.8418,404.8000,False,0.8210,0.9120,0.9525,0.7784,0.8232,0.9565,0.8014,0.9167,,
ru-en-RoSBERTa,tk_hard,article,716,0.7709,0.8171,404.8000,False,0.7940,0.8911,0.9260,0.7509,0.7980,0.9301,0.7587,0.8889,,
ru-en-RoSBERTa,tk_hard,chunk_tkfmt,716,0.7581,0.8046,404.8000,False,0.7815,0.8785,0.9190,0.7370,0.7803,0.9224,0.7924,0.8889,,
Qwen3-Emb-0.6B,test,chunk,728,0.8230,0.8632,595.8000,False,0.8430,0.9272,0.9533,0.8067,0.8339,0.9420,0.8397,0.9541,0.8585,0.9677
Qwen3-Emb-0.6B,test,article,728,0.8065,0.8500,595.8000,False,0.8288,0.9080,0.9341,0.7941,0.8250,0.9181,0.8248,0.9358,0.8379,0.9539
Qwen3-Emb-0.6B,test,chunk_tkfmt,728,0.8327,0.8713,595.8000,False,0.8522,0.9299,0.9629,0.8161,0.8497,0.9556,0.8520,0.9541,0.8558,0.9816
Qwen3-Emb-0.6B,golden,chunk,174,0.8305,0.9038,595.8000,False,0.8685,0.9262,0.9521,0.8547,0.8568,0.9339,0.8231,0.9397,0.9256,0.9828
Qwen3-Emb-0.6B,golden,article,174,0.8107,0.8859,595.8000,False,0.8496,0.9138,0.9502,0.8343,0.8511,0.9425,0.8191,0.9339,0.8785,0.9741
Qwen3-Emb-0.6B,golden,chunk_tkfmt,174,0.8537,0.9209,595.8000,False,0.8883,0.9464,0.9626,0.8744,0.8915,0.9655,0.8347,0.9224,0.9387,1.0000
Qwen3-Emb-0.6B,external,chunk,25,0.9114,1.0000,595.8000,False,0.9557,1.0000,1.0000,0.9400,,,,,,
Qwen3-Emb-0.6B,external,article,25,0.8167,0.9852,595.8000,False,0.9157,0.9600,0.9600,0.9000,,,,,,
Qwen3-Emb-0.6B,external,chunk_tkfmt,25,0.9114,1.0000,595.8000,False,0.9557,1.0000,1.0000,0.9400,,,,,,
Qwen3-Emb-0.6B,dev,chunk,296,0.8066,0.8750,595.8000,False,0.8410,0.8953,0.9358,0.8105,0.8463,0.9324,0.8252,0.9459,,
Qwen3-Emb-0.6B,dev,article,296,0.7924,0.8638,595.8000,False,0.8286,0.8919,0.9257,0.7976,0.8326,0.9234,0.8167,0.9324,,
Qwen3-Emb-0.6B,dev,chunk_tkfmt,296,0.8062,0.8720,595.8000,False,0.8399,0.9155,0.9459,0.8052,0.8443,0.9414,0.8266,0.9595,,
Qwen3-Emb-0.6B,tk_hard,chunk,716,0.7672,0.8133,595.8000,False,0.7907,0.8841,0.9288,0.7461,0.7888,0.9224,0.8079,0.9861,,
Qwen3-Emb-0.6B,tk_hard,article,716,0.7637,0.8100,595.8000,False,0.7875,0.8757,0.9274,0.7426,0.7852,0.9224,0.8074,0.9722,,
Qwen3-Emb-0.6B,tk_hard,chunk_tkfmt,716,0.7759,0.8213,595.8000,False,0.7989,0.8897,0.9246,0.7577,0.7960,0.9208,0.8246,0.9583,,
rubert-tiny2,test,chunk,728,0.3759,0.4336,29.2000,False,0.4050,0.4876,0.5879,0.3476,0.3953,0.5802,0.3427,0.5138,0.4806,0.6728
rubert-tiny2,test,article,728,0.3550,0.4122,29.2000,False,0.3836,0.4643,0.5632,0.3271,0.3714,0.5358,0.3483,0.5367,0.4354,0.6267
rubert-tiny2,test,chunk_tkfmt,728,0.4148,0.4726,29.2000,False,0.4440,0.5371,0.6401,0.3827,0.4332,0.6416,0.3889,0.5826,0.5137,0.6959
rubert-tiny2,golden,chunk,174,0.3508,0.4619,29.2000,False,0.4062,0.4933,0.6025,0.3548,0.3772,0.5546,0.3464,0.5460,0.4951,0.7069
rubert-tiny2,golden,article,174,0.3503,0.4615,29.2000,False,0.4051,0.4943,0.5958,0.3586,0.3442,0.5287,0.3923,0.5776,0.4788,0.6810
rubert-tiny2,golden,chunk_tkfmt,174,0.3821,0.4969,29.2000,False,0.4390,0.4952,0.6331,0.3910,0.4439,0.6236,0.3684,0.5690,0.5048,0.7069
rubert-tiny2,external,chunk,25,0.4278,0.7239,29.2000,False,0.5754,0.7200,0.8000,0.5050,,,,,,
rubert-tiny2,external,article,25,0.3343,0.6102,29.2000,False,0.4703,0.6000,0.7600,0.3803,,,,,,
rubert-tiny2,external,chunk_tkfmt,25,0.4889,0.7858,29.2000,False,0.6409,0.6800,0.8400,0.5794,,,,,,
rubert-tiny2,dev,chunk,296,0.3806,0.4749,29.2000,False,0.4285,0.5236,0.5980,0.3753,0.4402,0.6126,0.3934,0.5541,,
rubert-tiny2,dev,article,296,0.3640,0.4584,29.2000,False,0.4109,0.4831,0.5709,0.3612,0.4278,0.5946,0.3602,0.5000,,
rubert-tiny2,dev,chunk_tkfmt,296,0.3749,0.4668,29.2000,False,0.4211,0.4865,0.6149,0.3612,0.4386,0.6351,0.3685,0.5541,,
rubert-tiny2,tk_hard,chunk,716,0.3178,0.3745,29.2000,False,0.3463,0.4134,0.5182,0.2933,0.3465,0.5155,0.3447,0.5417,,
rubert-tiny2,tk_hard,article,716,0.2765,0.3328,29.2000,False,0.3050,0.3547,0.4609,0.2571,0.3023,0.4581,0.3287,0.4861,,
rubert-tiny2,tk_hard,chunk_tkfmt,716,0.3291,0.3847,29.2000,False,0.3571,0.4441,0.5475,0.2978,0.3521,0.5435,0.4020,0.5833,,
ft-e5-small,test,chunk,728,0.8236,0.8644,117.7000,True,0.8447,0.9217,0.9478,0.8110,0.8348,0.9420,0.8446,0.9358,0.8582,0.9677
ft-e5-small,test,article,728,0.7821,0.8273,117.7000,True,0.8050,0.8777,0.9245,0.7666,0.8007,0.9215,0.8042,0.9174,0.8117,0.9355
ft-e5-small,test,chunk_tkfmt,728,0.8154,0.8568,117.7000,True,0.8366,0.9093,0.9533,0.7990,0.8377,0.9488,0.8219,0.9450,0.8500,0.9677
ft-e5-small,golden,chunk,174,0.8311,0.9043,117.7000,True,0.8688,0.9291,0.9569,0.8502,0.8713,0.9655,0.8207,0.9052,0.9145,1.0000
ft-e5-small,golden,article,174,0.7873,0.8690,117.7000,True,0.8297,0.9033,0.9406,0.8081,0.8144,0.9483,0.8025,0.8822,0.8721,0.9914
ft-e5-small,golden,chunk_tkfmt,174,0.8139,0.8890,117.7000,True,0.8524,0.9262,0.9569,0.8283,0.8582,0.9569,0.8142,0.9138,0.8849,1.0000
ft-e5-small,external,chunk,25,0.8914,1.0000,117.7000,True,0.9505,1.0000,1.0000,0.9333,,,,,,
ft-e5-small,external,article,25,0.7246,0.9300,117.7000,True,0.8347,0.8800,0.9600,0.7933,,,,,,
ft-e5-small,external,chunk_tkfmt,25,0.8914,1.0000,117.7000,True,0.9505,1.0000,1.0000,0.9333,,,,,,
ft-e5-small,dev,chunk,296,0.8171,0.8843,117.7000,True,0.8513,0.9054,0.9358,0.8238,0.8611,0.9369,0.8218,0.9324,,
ft-e5-small,dev,article,296,0.7933,0.8606,117.7000,True,0.8275,0.8953,0.9392,0.7914,0.8446,0.9459,0.7762,0.9189,,
ft-e5-small,dev,chunk_tkfmt,296,0.7972,0.8660,117.7000,True,0.8324,0.8953,0.9392,0.7980,0.8377,0.9459,0.8164,0.9189,,
ft-e5-small,tk_hard,chunk,716,0.7719,0.8168,117.7000,True,0.7949,0.8966,0.9372,0.7487,0.7913,0.9348,0.8266,0.9583,,
ft-e5-small,tk_hard,article,716,0.7494,0.7968,117.7000,True,0.7734,0.8561,0.9232,0.7253,0.7748,0.9270,0.7602,0.8889,,
ft-e5-small,tk_hard,chunk_tkfmt,716,0.7672,0.8126,117.7000,True,0.7902,0.8911,0.9372,0.7426,0.7868,0.9348,0.8210,0.9583,,
ft-e5-small-v2,test,chunk,728,0.8396,0.8781,117.7000,True,0.8593,0.9258,0.9615,0.8262,0.8654,0.9693,0.8474,0.9450,0.8631,0.9677
ft-e5-small-v2,test,article,728,0.8000,0.8441,117.7000,True,0.8226,0.8942,0.9313,0.7873,0.8351,0.9317,0.8165,0.9358,0.8118,0.9263
ft-e5-small-v2,test,chunk_tkfmt,728,0.8451,0.8834,117.7000,True,0.8646,0.9203,0.9643,0.8326,0.8673,0.9761,0.8509,0.9495,0.8748,0.9631
ft-e5-small-v2,golden,chunk,174,0.8579,0.9270,117.7000,True,0.8937,0.9243,0.9684,0.8826,0.9162,0.9828,0.8254,0.9224,0.9395,1.0000
ft-e5-small-v2,golden,article,174,0.7903,0.8745,117.7000,True,0.8337,0.8879,0.9291,0.8185,0.8478,0.9569,0.7869,0.8736,0.8666,0.9569
ft-e5-small-v2,golden,chunk_tkfmt,174,0.8482,0.9176,117.7000,True,0.8841,0.9215,0.9626,0.8715,0.9108,0.9741,0.8243,0.9138,0.9173,1.0000
ft-e5-small-v2,external,chunk,25,0.9262,1.0000,117.7000,True,0.9705,1.0000,1.0000,0.9600,,,,,,
ft-e5-small-v2,external,article,25,0.8271,0.9652,117.7000,True,0.9009,1.0000,1.0000,0.8667,,,,,,
ft-e5-small-v2,external,chunk_tkfmt,25,0.9557,1.0000,117.7000,True,0.9852,1.0000,1.0000,0.9800,,,,,,
ft-e5-small-v2,dev,chunk,296,0.8234,0.8891,117.7000,True,0.8570,0.9020,0.9426,0.8297,0.8576,0.9324,0.8550,0.9730,,
ft-e5-small-v2,dev,article,296,0.8020,0.8723,117.7000,True,0.8381,0.8885,0.9324,0.8083,0.8474,0.9279,0.8102,0.9459,,
ft-e5-small-v2,dev,chunk_tkfmt,296,0.8229,0.8903,117.7000,True,0.8578,0.8986,0.9324,0.8338,0.8593,0.9234,0.8533,0.9595,,
ft-e5-small-v2,tk_hard,chunk,716,0.7977,0.8410,117.7000,True,0.8198,0.8980,0.9372,0.7816,0.8164,0.9363,0.8500,0.9444,,
ft-e5-small-v2,tk_hard,article,716,0.7713,0.8174,117.7000,True,0.7948,0.8785,0.9218,0.7536,0.7928,0.9208,0.8126,0.9306,,
ft-e5-small-v2,tk_hard,chunk_tkfmt,716,0.7981,0.8429,117.7000,True,0.8210,0.8953,0.9302,0.7857,0.8166,0.9255,0.8603,0.9722,,
ft-e5-base,test,chunk,728,0.8264,0.8661,278.0000,True,0.8465,0.9313,0.9533,0.8112,0.8435,0.9556,0.8581,0.9450,0.8390,0.9585
ft-e5-base,test,article,728,0.7817,0.8268,278.0000,True,0.8046,0.8764,0.9272,0.7653,0.8130,0.9454,0.8131,0.9266,0.7849,0.9032
ft-e5-base,test,chunk_tkfmt,728,0.8285,0.8675,278.0000,True,0.8484,0.9327,0.9519,0.8140,0.8545,0.9556,0.8516,0.9450,0.8368,0.9539
ft-e5-base,golden,chunk,174,0.8440,0.9127,278.0000,True,0.8795,0.9291,0.9741,0.8632,0.8886,0.9741,0.8524,0.9483,0.8973,1.0000
ft-e5-base,golden,article,174,0.7748,0.8542,278.0000,True,0.8154,0.8764,0.9617,0.7879,0.8242,0.9741,0.7879,0.9368,0.8341,0.9741
ft-e5-base,golden,chunk_tkfmt,174,0.8402,0.9070,278.0000,True,0.8743,0.9349,0.9655,0.8612,0.9021,0.9569,0.8268,0.9397,0.8940,1.0000
ft-e5-base,external,chunk,25,0.8671,0.9705,278.0000,True,0.9262,1.0000,1.0000,0.9000,,,,,,
ft-e5-base,external,article,25,0.6591,0.8862,278.0000,True,0.7791,0.9200,0.9200,0.7300,,,,,,
ft-e5-base,external,chunk_tkfmt,25,0.8819,0.9852,278.0000,True,0.9409,1.0000,1.0000,0.9200,,,,,,
ft-e5-base,dev,chunk,296,0.8153,0.8796,278.0000,True,0.8486,0.9088,0.9527,0.8151,0.8519,0.9550,0.8384,0.9459,,
ft-e5-base,dev,article,296,0.7841,0.8535,278.0000,True,0.8194,0.8919,0.9392,0.7806,0.8239,0.9369,0.8061,0.9459,,
ft-e5-base,dev,chunk_tkfmt,296,0.8145,0.8798,278.0000,True,0.8478,0.9054,0.9527,0.8143,0.8514,0.9550,0.8368,0.9459,,
ft-e5-base,tk_hard,chunk,716,0.8035,0.8445,278.0000,True,0.8245,0.9134,0.9539,0.7827,0.8263,0.9565,0.8079,0.9306,,
ft-e5-base,tk_hard,article,716,0.7665,0.8124,278.0000,True,0.7896,0.8869,0.9330,0.7433,0.7929,0.9379,0.7596,0.8889,,
ft-e5-base,tk_hard,chunk_tkfmt,716,0.7990,0.8407,278.0000,True,0.8202,0.9134,0.9525,0.7772,0.8181,0.9519,0.8387,0.9583,,
